src_id,dst_id,weight
2,7,3727
2,11,218
2,12,420
2,19,60
2,25,24
2,29,170
2,30,264
2,33,576
2,36,3380
2,38,32
2,40,2502
2,43,4695
2,51,60
2,62,34634
2,67,168
2,69,24
2,74,1128
2,82,5532
2,87,21531
2,88,9761
2,91,48
2,95,5524
2,99,37
2,102,48
2,104,1512
2,116,24
2,135,120
2,141,1047
2,168,6576
2,169,6984
2,170,72
2,172,954
2,174,9546
2,175,158
2,178,324
2,180,24
2,194,24
2,195,24
2,205,1141
2,212,120
2,218,28
2,219,1908
2,220,3216
2,221,5280
2,222,38074
2,223,714
2,237,72
2,251,804
2,253,360
2,255,12468
2,269,1020
2,274,600
2,279,24
2,281,48
2,296,48
2,297,228
2,302,70
2,303,33
2,338,24
2,349,1140
2,369,24
2,511,399
2,512,9104
2,513,811
2,514,12
2,515,36
2,516,24
3,37,96
3,124,12
5,89,12
5,236,36
5,304,36
5,407,393
7,6,12
11,0,552
11,2,29
11,3,7776
11,4,16527
11,10,1912
11,12,5868
11,13,29068
11,16,192
11,17,100
11,19,20966
11,21,156
11,22,300
11,24,1080
11,25,9
11,28,14867
11,29,4704
11,30,11740
11,31,84
11,34,12
11,36,84
11,37,14228
11,41,1130
11,42,1224
11,43,11524
11,49,2052
11,51,1548
11,52,4452
11,55,84
11,57,835
11,60,26748
11,62,34627
11,64,12
11,67,144
11,69,72
11,72,612
11,85,12
11,87,198
11,88,2294
11,89,1786
11,90,36
11,95,708
11,96,3072
11,97,732
11,99,192
11,100,7944
11,102,240
11,133,36
11,145,12
11,155,144
11,160,84
11,162,24
11,164,324
11,165,206
11,166,24
11,167,504
11,169,25968
11,171,24
11,172,144
11,174,672
11,175,200
11,176,17483
11,177,264
11,179,305
11,194,60
11,195,24
11,202,464
11,205,1055
11,213,564
11,215,4681
11,216,360
11,218,276
11,219,2890
11,220,120
11,221,384
11,222,7352
11,227,288
11,245,1260
11,252,240
11,253,3301
11,255,72
11,269,5472
11,271,216
11,276,96
11,279,18143
11,284,132
11,289,24
11,295,48
11,297,540
11,300,6597
11,301,150
11,303,838
11,305,24
11,322,48
11,326,24
11,348,12
11,350,168
11,361,816
11,406,144
11,408,156
11,409,4261
11,437,156
11,455,24
11,456,24
11,461,48
11,467,96
11,482,36
11,483,96
11,512,648
11,513,1080
11,514,72
13,30,12
13,37,924
13,42,12
13,58,24
13,68,12
13,85,530
13,106,149
13,117,24
13,124,12
13,137,12
13,139,24
13,140,46
13,149,24
13,184,84
13,205,444
13,208,72
13,227,96
13,262,168
13,264,24
13,293,24
13,297,24
13,306,48
13,361,72
13,382,384
13,454,24
13,482,12
13,506,24
17,157,100
17,271,888
18,16,48
18,39,1
18,55,36
18,110,24
18,111,24
18,140,50
18,141,7246
18,181,120
18,250,24
18,306,36
18,313,48
18,394,12
18,444,12
18,468,12
18,480,24
19,2,7318
19,4,1608
19,5,4027
19,10,96
19,11,9682
19,25,1005
19,28,12
19,36,24
19,41,57
19,43,970
19,52,12
19,57,126
19,62,27288
19,67,36
19,74,48
19,88,1037
19,95,5530
19,97,16
19,100,48
19,141,228
19,165,113
19,168,10586
19,169,2292
19,170,168
19,171,1105
19,172,24
19,175,13
19,180,24
19,194,7137
19,219,216
19,220,5052
19,222,5531
19,251,2400
19,253,3389
19,255,61
19,284,29
19,303,3
19,437,60
19,513,96
19,515,108
20,8,24
20,39,12
20,40,72
20,46,72
20,58,24
20,68,24
20,80,60
20,102,24
20,105,24
20,117,120
20,128,12
20,130,24
20,131,12
20,265,12
20,280,48
20,354,24
20,384,60
20,398,24
20,415,72
20,444,12
20,452,24
20,459,84
20,492,12
20,514,24
25,0,900
25,2,22246
25,10,576
25,11,39421
25,17,24
25,19,25199
25,24,696
25,26,7238
25,28,1907
25,29,612
25,31,192
25,34,12
25,41,576
25,43,3858
25,48,117
25,52,108
25,57,1260
25,60,408
25,62,3844
25,82,1032
25,88,51512
25,90,384
25,95,3779
25,97,1032
25,100,384
25,108,12
25,125,1612
25,135,732
25,143,24
25,160,5942
25,169,2916
25,170,24
25,171,3164
25,172,240
25,174,3688
25,180,432
25,205,28649
25,219,564
25,221,72
25,222,25858
25,233,4478
25,251,876
25,253,144
25,255,5376
25,274,528
25,284,2706
25,303,20742
25,325,72
25,328,9121
25,369,36
25,437,33774
25,467,264
25,510,36
25,511,5526
25,513,288
26,8,408
26,84,36
26,88,24
26,98,72
26,108,12
26,174,48
26,194,118
26,254,36
26,281,156
26,514,36
27,12,48
27,29,12
27,32,241
27,39,1547
27,41,189974
27,45,444
27,48,36
27,55,48
27,59,1296
27,63,1508
27,68,12
27,71,240
27,79,1844
27,80,12
27,94,60
27,132,24
27,148,24
27,152,12
27,181,216
27,196,24
27,198,96
27,204,12
27,209,48
27,231,803
27,251,24
27,263,6
27,296,24
27,298,24
27,339,96
27,357,24
27,388,72
27,390,72
27,424,36
27,472,12
27,482,24
27,500,24
27,516,24
28,9,432
28,16,48
28,126,24
28,221,48
29,33,192
29,43,24
29,149,144
29,192,48
29,220,48
29,221,48
29,274,192
29,290,12
29,324,192
29,360,48
29,403,48
29,419,24
29,446,144
29,450,48
30,29,2064
30,51,720
30,52,408
30,72,3002
30,87,1492
30,95,1261
30,99,36
30,116,24
30,121,1908
30,156,2
30,157,1572
30,160,276
30,168,840
30,169,1776
30,212,48
30,215,12
30,219,36
30,220,60
30,221,272
30,222,108
30,237,24
30,246,24
30,251,12
30,253,70
30,262,24
30,278,168
30,281,24
30,295,24
30,296,36
30,319,120
30,321,312
30,327,25
30,346,624
30,361,768
30,379,24
30,390,96
30,414,24
30,426,48
30,428,24
30,462,24
30,484,12
30,494,192
30,512,936
30,515,48
31,43,48
31,145,12
31,220,24
31,240,24
31,255,24
31,297,48
31,511,12
32,63,181
32,120,360
32,472,156
37,208,24
37,379,24
38,15,600
38,33,24
38,91,24
38,184,36
38,242,24
39,64,12
39,77,12
39,85,154
39,106,79
39,113,48
39,117,24
39,133,36
39,313,24
41,2,1738320
41,4,240
41,10,1320
41,11,2280348
41,17,10188
41,19,587971
41,22,444
41,24,2508
41,25,15879
41,26,226786
41,27,2768
41,28,227803
41,34,50
41,35,96
41,40,336
41,42,96
41,43,3888
41,48,14081
41,51,816
41,52,2820
41,57,1440
41,60,7472
41,62,162734
41,82,24169
41,88,97825
41,90,1620
41,95,5903
41,98,718
41,99,60
41,100,120
41,103,588
41,143,24
41,155,4964
41,165,72
41,166,72
41,169,2556
41,170,192
41,171,144756
41,172,2428
41,175,82369
41,179,5189
41,194,35739
41,205,18678
41,212,200
41,215,91
41,219,1248
41,220,756
41,221,708
41,222,56450
41,251,168
41,252,624
41,253,3466
41,255,2340
41,261,936
41,277,708
41,284,18454
41,289,1388
41,331,48
41,356,24
41,367,24
41,389,12
41,443,24
41,461,24
41,470,24
43,1,24
43,52,24
43,60,48
43,87,24
43,93,144
43,95,72
43,129,1320
43,169,24
43,241,144
47,39,12
47,308,24
47,317,512
47,336,312
47,371,24
47,386,24
47,402,24
47,418,96
47,450,48
47,459,36
48,0,780
48,2,2404168
48,4,15423
48,5,1278
48,6,36
48,7,216
48,9,564
48,10,36
48,11,2339669
48,14,12
48,17,9276
48,21,132
48,22,84
48,24,1284
48,25,1203105
48,26,1211487
48,27,120
48,29,22507
48,30,40070
48,32,1056
48,34,12935
48,35,60
48,36,12
48,38,256
48,39,9
48,41,3433079
48,42,24
48,43,80081
48,47,12680
48,49,48
48,50,204
48,52,924
48,54,24
48,56,24
48,57,54286
48,58,24
48,60,348
48,62,8290
48,66,480
48,67,48
48,68,72
48,70,48
48,71,156
48,72,96
48,73,24
48,74,624
48,75,10104
48,78,444
48,79,1020
48,82,1332
48,83,400
48,87,719
48,88,2724
48,89,108
48,90,2304
48,92,24
48,94,948
48,95,72
48,96,4884
48,97,129
48,99,24
48,100,120
48,101,584
48,103,588
48,105,24
48,108,24
48,112,24
48,113,144
48,115,11040
48,116,312
48,119,132
48,121,48
48,122,24
48,123,48
48,124,48
48,127,24
48,128,12
48,131,36
48,134,24
48,135,2724
48,136,24
48,137,72
48,145,924
48,146,24
48,147,12
48,150,12
48,152,156
48,155,204
48,156,12
48,157,12488
48,158,312
48,159,72
48,160,12
48,162,1332
48,163,336
48,164,1662
48,165,12
48,166,156
48,167,300
48,168,408
48,169,456
48,170,12
48,172,96
48,174,2280
48,175,866
48,176,3361
48,178,228
48,179,60
48,180,24
48,181,168
48,183,12
48,186,24
48,191,24
48,193,24
48,194,2536
48,195,780
48,199,60
48,201,60
48,202,4910
48,203,24
48,204,60
48,205,1728
48,206,24
48,213,60
48,214,24
48,215,12
48,216,48
48,217,140
48,219,624
48,220,24
48,221,84
48,222,331
48,224,48
48,227,485
48,229,816
48,230,24
48,232,36
48,233,12
48,234,180
48,235,48
48,236,184
48,237,24
48,240,132
48,241,36
48,244,216
48,248,24
48,251,228
48,252,24
48,253,996
48,255,1610
48,263,18
48,264,24
48,265,12
48,266,576
48,267,276
48,268,288
48,269,12
48,270,100
48,271,336
48,272,108
48,273,96
48,274,192321
48,275,24
48,276,98
48,277,456
48,278,576
48,279,948
48,281,1900
48,282,48
48,283,24
48,284,12
48,285,48
48,286,24
48,287,24
48,289,4656
48,292,24
48,294,12
48,295,372
48,297,12
48,300,84
48,301,216
48,302,9
48,303,36
48,304,168
48,305,48
48,309,48
48,311,516
48,314,12
48,315,24
48,316,24
48,319,60
48,320,24
48,321,360
48,322,48
48,325,84
48,326,240
48,327,432
48,328,96
48,330,12
48,335,144
48,338,132
48,340,12
48,341,192
48,342,96
48,346,264
48,347,48
48,348,48
48,349,376
48,350,24
48,356,36
48,369,276
48,372,48
48,374,96
48,376,24
48,377,48
48,380,36
48,383,24
48,390,48
48,391,24
48,393,12
48,394,36
48,401,24
48,406,264
48,407,195
48,408,1428
48,409,234
48,415,72
48,420,36
48,422,48
48,425,12
48,428,72
48,429,24
48,436,48
48,437,120
48,438,24
48,443,12
48,449,24
48,461,24
48,462,48
48,463,72
48,465,96
48,466,24
48,467,84
48,468,12
48,472,84
48,479,132
48,483,60
48,486,24
48,496,12
48,499,84
48,510,1068
48,511,12
48,512,108
48,513,36
51,43,24
51,461,24
60,6,1674
60,61,1008
60,69,24
60,102,72
60,214,96
60,237,24
60,292,72
60,325,72
60,516,24
61,281,72
61,285,72
63,39,76
63,70,144
63,76,24
63,107,24
63,114,24
63,118,24
63,177,24
63,182,24
63,185,24
63,193,24
63,312,96
63,314,36
63,317,264
63,352,24
63,384,36
63,398,48
63,405,52
63,442,120
74,0,24
74,11,7004
74,19,1078099
74,25,168
74,26,48695
74,29,96
74,30,36
74,31,13227
74,32,1590
74,37,24
74,38,380
74,39,192
74,43,540
74,48,36
74,52,348
74,67,84
74,69,12
74,81,1
74,82,60
74,83,8
74,85,216
74,94,420
74,113,72
74,123,24
74,157,60
74,170,12
74,200,24
74,202,2076
74,205,504
74,208,24
74,212,24
74,229,12
74,238,12
74,240,24
74,243,72
74,251,84
74,253,36
74,281,80
74,289,96
74,295,96
74,297,60
74,310,12
74,331,60
74,379,12
74,451,36
78,20,12
78,74,24
78,115,216
78,138,192
79,18,1740
79,23,612
79,38,32
79,55,48
79,68,24
79,144,420
79,306,12
81,74,12
81,101,1
82,46,72
82,105,144
82,128,24
82,252,24
87,398,24
88,171,96
89,54,24
89,438,24
94,13,1658
95,170,48
95,219,48
95,220,24
95,221,48
95,253,1152
95,255,24
95,513,420
96,2,1
96,11,325
96,88,24
96,141,1680
97,164,216
97,165,24
97,205,24
97,222,24
98,109,24
98,173,12
98,188,12
98,225,12
98,318,12
101,23,432
101,38,8
101,81,12
101,144,132
101,231,1
103,189,12
103,230,48
103,497,36
104,240,24
115,20,1068
115,86,48
116,114,24
116,431,24
119,1,24
119,18,7246
119,27,196971
119,48,11142385
119,53,12
119,74,1193881
119,79,24
119,84,24
119,109,48
119,161,60
119,173,12
119,188,12
119,189,12
119,190,24
119,225,12
119,249,60
119,310,768
119,318,12
121,43,24
125,39,1408
135,220,24
135,473,24
135,481,48
135,492,12
135,497,24
135,502,24
135,505,24
141,2,362
141,18,1719
141,19,942
141,23,1080
141,96,5942
141,144,132
143,11,12670
143,20,1464
143,25,2220602
143,30,39147
143,34,12935
143,41,9705786
143,43,79961
143,52,1092
143,57,54298
143,62,8266
143,88,2844
143,115,10464
143,138,252
143,172,96
143,222,144
143,258,12
143,274,358491
143,461,48
143,513,24
153,123,24
157,54,24
157,212,24
157,234,36
159,200,348
160,158,24
160,281,144
160,466,24
164,162,1224
165,284,60
171,65,96
171,88,192
175,43,24
175,54,24
175,97,24
175,162,1320
175,164,444
175,205,5478
175,212,24
175,215,192
175,216,1176
175,218,2151
175,220,96
175,222,3192
175,234,132
175,297,336
175,328,125
175,348,132
175,408,132
175,515,12
194,205,1995
194,255,24
194,407,94
195,43,24
195,220,48
197,211,48
197,239,48
205,0,48
205,5,24
205,7,185
205,9,324
205,12,120
205,24,156
205,25,11651
205,26,4346
205,30,253
205,38,24
205,40,120
205,42,156
205,43,1644
205,49,312
205,52,1140
205,54,96
205,60,300
205,67,24
205,74,60207
205,82,516
205,87,36
205,90,3192
205,97,1441
205,100,204
205,111,36
205,121,144
205,129,24
205,152,12
205,153,24
205,155,228
205,156,12
205,158,300
205,160,12
205,162,2112
205,163,168
205,164,2262
205,165,221
205,166,180
205,175,299
205,194,1090
205,213,60
205,214,96
205,215,12
205,216,216
205,217,148
205,218,66
205,219,12
205,222,106
205,228,192
205,235,48
205,236,368
205,237,24
205,244,24
205,253,24
205,255,36
205,260,240
205,268,336
205,269,984
205,270,100
205,271,336
205,272,180
205,275,288
205,276,364
205,277,456
205,278,96
205,279,1216
205,281,120
205,282,36
205,283,348
205,284,12
205,296,12
205,300,36
205,301,216
205,302,9
205,303,2
205,304,156
205,305,48
205,326,1038
205,327,432
205,328,120
205,338,12
205,342,24
205,346,408
205,347,48
205,348,192
205,349,24
205,350,24
205,369,48
205,407,145
205,409,425
205,421,24
205,436,48
205,437,168
205,438,24
205,465,96
205,466,24
205,467,48
205,483,24
205,484,36
205,489,24
205,511,12
205,512,24
205,515,24
218,83,696
218,281,12
218,282,6
220,95,48
222,88,24
222,212,144
222,430,48
222,467,120
229,329,624
229,337,24
229,353,120
229,362,48
229,373,96
229,375,48
229,378,120
229,386,72
229,388,96
229,399,96
229,402,24
229,410,120
229,416,120
229,418,24
229,434,24
229,490,24
229,508,24
231,17,2
231,29,1
231,30,60
231,157,513
231,205,12
231,281,192
231,509,24
232,351,48
232,370,24
240,509,24
244,379,24
244,400,168
245,200,576
248,254,24
248,493,48
253,95,96
255,363,12
261,207,48
266,323,96
266,332,120
266,339,24
274,0,732
274,9,408
274,10,12
274,14,12
274,17,36
274,21,12
274,27,24
274,29,5718
274,30,2
274,32,1698
274,35,60
274,38,600
274,42,24
274,44,216
274,48,576
274,74,168
274,82,18
274,83,408
274,85,216
274,87,548
274,88,12
274,94,242
274,95,48
274,96,3492
274,103,48
274,105,24
274,108,24
274,113,192
274,116,312
274,135,2172
274,143,60
274,145,924
274,147,12
274,150,12
274,152,156
274,157,10295
274,159,72
274,169,336
274,174,2268
274,180,24
274,183,12
274,187,60
274,192,48
274,195,780
274,197,96
274,199,12
274,201,60
274,202,4826
274,205,492658
274,215,12
274,220,24
274,221,4
274,222,24
274,224,48
274,227,485
274,229,816
274,230,24
274,232,36
274,238,12
274,240,132
274,241,36
274,243,72
274,244,216
274,248,48
274,251,180
274,252,24
274,255,84
274,266,576
274,267,276
274,281,1716
274,288,72
274,289,3106
274,290,12
274,294,12
274,295,372
274,297,12
274,311,516
274,319,60
274,320,24
274,321,360
274,322,48
274,330,12
274,331,12
274,334,48
274,335,108
274,338,132
274,340,12
274,341,192
274,356,12
274,369,276
274,372,48
274,377,48
274,379,12
274,380,60
274,391,24
274,393,12
274,420,36
274,425,12
274,426,24
274,428,72
274,429,24
274,443,12
274,451,36
274,453,24
274,462,48
274,471,108
274,472,84
274,479,132
274,495,24
274,496,12
274,499,84
274,510,1068
274,511,12
274,512,108
274,513,36
279,43,24
279,326,36
281,83,24
281,159,252
281,195,72
281,209,48
281,212,24
281,218,672
281,220,72
281,226,384
281,229,300
281,244,72
281,320,24
281,338,36
281,361,2016
281,369,12
281,372,48
281,428,24
281,460,24
281,515,12
284,89,3534
289,151,552
289,197,504
289,210,168
289,238,72
289,247,76
289,256,144
289,257,24
289,259,24
289,291,120
289,307,120
289,331,24
289,333,144
289,344,120
289,345,24
289,358,120
289,359,120
289,360,24
289,363,36
289,364,192
289,366,120
289,367,144
289,368,96
289,385,144
289,389,108
289,392,48
289,395,264
289,396,240
289,404,120
289,411,24
289,413,168
289,417,72
289,424,72
289,427,72
289,430,48
289,432,120
289,435,192
289,439,216
289,441,120
289,445,120
289,447,96
289,448,92
289,451,6
289,457,384
289,458,24
289,464,120
289,469,48
289,475,120
289,476,1128
289,485,120
289,488,408
289,493,24
289,501,24
303,157,24
303,271,22
303,274,148
303,279,528
303,300,97
303,407,4722
311,504,168
319,377,72
319,428,24
321,290,144
321,381,120
321,433,360
321,440,120
321,491,72
331,243,24
331,372,24
331,498,24
335,471,36
338,150,192
338,387,72
349,54,24
361,69,12
361,129,24
361,142,120
361,200,84
361,311,2112
361,414,240
361,423,264
361,429,48
361,487,24
361,489,24
361,494,312
361,503,120
364,474,72
367,247,24
367,478,24
369,154,192
369,319,24
369,403,72
369,412,120
407,43,24
407,270,121
408,43,24
423,343,120
427,223,24
428,365,96
435,355,72
437,54,24
437,286,11
437,304,48
441,477,24
457,507,24
488,299,240
488,397,120
497,451,18
512,269,204
