node_id,asn,path_occurrences,in_degree,out_degree,degree,in_degree,out_degree,betweenness,pagerank
0,42,3036,6,0,0.011627906976744186,0.011627906976744186,0.0,0.0,0.0015038068258836587
1,112,48,2,0,0.003875968992248062,0.003875968992248062,0.0,0.0,0.0015671375998544041
2,174,4372226,7,67,0.1434108527131783,0.013565891472868217,0.1298449612403101,0.01140588545194551,0.0039676557725111155
3,202,7884,1,2,0.005813953488372093,0.001937984496124031,0.003875968992248062,0.0,0.0015847418079166808
4,714,33798,4,0,0.007751937984496124,0.007751937984496124,0.0,0.0,0.0018049643289292645
5,1031,5806,3,4,0.013565891472868217,0.005813953488372093,0.007751937984496124,0.0002521261383306992,0.001752493964529425
6,1251,1722,3,0,0.005813953488372093,0.005813953488372093,0.0,0.0,0.0037435593520643326
7,1916,4140,3,1,0.007751937984496124,0.005813953488372093,0.001937984496124031,2.2578460149017837e-05,0.0015579361988352094
8,2615,432,2,0,0.003875968992248062,0.003875968992248062,0.0,0.0,0.002418374737306552
9,2688,1728,4,0,0.007751937984496124,0.007751937984496124,0.0,0.0,0.002724080562926026
10,2906,3952,6,0,0.011627906976744186,0.011627906976744186,0.0,0.0,0.0015213880421540227
11,3356,5031867,8,110,0.22868217054263565,0.015503875968992248,0.2131782945736434,0.002363212162263867,0.005118724941708585
12,3360,6456,4,0,0.007751937984496124,0.007751937984496124,0.0,0.0,0.0015737399179639893
13,3549,34031,2,27,0.0562015503875969,0.003875968992248062,0.05232558139534883,0.0025325506133815007,0.0031211457385260342
14,3856,24,2,0,0.003875968992248062,0.003875968992248062,0.0,0.0,0.001486024225724861
15,4995,600,1,0,0.001937984496124031,0.001937984496124031,0.0,0.0,0.002583788905125954
16,5662,288,3,0,0.005813953488372093,0.005813953488372093,0.0,0.0,0.0016421735366583855
17,6057,20614,6,2,0.015503875968992248,0.011627906976744186,0.003875968992248062,1.1289230074508918e-05,0.0014990990783862318
18,6429,18422,3,15,0.03488372093023256,0.005813953488372093,0.029069767441860465,0.004109279747121246,0.0034231224598880497
19,6453,1810812,6,40,0.08914728682170542,0.011627906976744186,0.07751937984496124,0.005384962745540754,0.007556334810359693
20,6471,3444,3,24,0.05232558139534883,0.005813953488372093,0.046511627906976744,0.0013133137653345375,0.0032321448351456867
21,6505,300,3,0,0.005813953488372093,0.005813953488372093,0.0,0.0,0.0014880293861673733
22,6507,828,3,0,0.005813953488372093,0.005813953488372093,0.0,0.0,0.0014900999749356235
23,6535,2124,3,0,0.005813953488372093,0.005813953488372093,0.0,0.0,0.003485554952448793
24,6568,5724,5,0,0.009689922480620155,0.009689922480620155,0.0,0.0,0.0015138755052041576
25,6762,3777656,8,55,0.12209302325581395,0.015503875968992248,0.1065891472868217,0.006344547301874012,0.0025943480624782645
26,6939,1499498,5,10,0.029069767441860465,0.009689922480620155,0.01937984496124031,0.0,0.002342694791790608
27,7004,398926,4,37,0.07945736434108527,0.007751937984496124,0.07170542635658915,0.010843305486565816,0.0015077060832361924
28,7018,245141,4,4,0.015503875968992248,0.007751937984496124,0.007751937984496124,0.00013923383758561,0.001835283090022162
29,7049,37096,9,14,0.04457364341085271,0.01744186046511628,0.027131782945736434,0.0034149920975389478,0.0017341376006243217
30,7195,111184,9,44,0.10271317829457365,0.01744186046511628,0.08527131782945736,0.0032475351847670655,0.001768343287081042
31,7303,13695,3,7,0.01937984496124031,0.005813953488372093,0.013565891472868217,0.00013923383758561,0.001544948957911289
32,7418,5282,4,3,0.013565891472868217,0.007751937984496124,0.005813953488372093,0.0014374952961541355,0.0014994571157118
33,7908,792,3,0,0.005813953488372093,0.005813953488372093,0.0,0.0,0.0017731799332662522
34,8075,25944,5,0,0.009689922480620155,0.009689922480620155,0.0,0.0,0.0014901438933649833
35,8674,216,3,0,0.005813953488372093,0.005813953488372093,0.0,0.0,0.0014862342911322762
36,10099,3500,4,0,0.007751937984496124,0.007751937984496124,0.0,0.0,0.0015456959830920597
37,10753,15320,4,2,0.011627906976744186,0.007751937984496124,0.003875968992248062,7.526153383005945e-06,0.0036061974263788907
38,10778,2040,7,5,0.023255813953488372,0.013565891472868217,0.009689922480620155,0.0005004891999698954,0.0015236453283410134
39,11340,3646,8,8,0.031007751937984496,0.015503875968992248,0.015503875968992248,0.0009445322495672461,0.002928623876774062
40,12684,3030,4,0,0.007751937984496124,0.007751937984496124,0.0,0.0,0.0017541282661289771
41,12956,19134765,6,64,0.13565891472868216,0.011627906976744186,0.12403100775193798,0.0007977722585986302,0.004397781414947505
42,13150,1536,6,0,0.011627906976744186,0.011627906976744186,0.0,0.0,0.0015188813462690101
43,13335,189225,18,9,0.05232558139534883,0.03488372093023256,0.01744186046511628,0.004438548957627756,0.007253367953858094
44,13381,216,1,0,0.001937984496124031,0.001937984496124031,0.0,0.0,0.0014866110022437287
45,13424,444,1,0,0.001937984496124031,0.001937984496124031,0.0,0.0,0.0014888465662305072
46,13774,144,2,0,0.003875968992248062,0.003875968992248062,0.0,0.0,0.00208323800803156
47,14117,13792,1,10,0.02131782945736434,0.001937984496124031,0.01937984496124031,0.00032738767216075864,0.0014885201856035626
48,14259,22310050,6,254,0.5038759689922481,0.011627906976744186,0.49224806201550386,0.017084368179423496,0.0026203570894789575
49,14282,2412,3,0,0.005813953488372093,0.005813953488372093,0.0,0.0,0.0015272154806482488
50,14463,204,1,0,0.001937984496124031,0.001937984496124031,0.0,0.0,0.001486027923239889
51,14522,3192,4,2,0.011627906976744186,0.007751937984496124,0.003875968992248062,0.0002671784450967111,0.0015624101513993355
52,14593,11328,10,0,0.01937984496124031,0.01937984496124031,0.0,0.0,0.0017154791781561203
53,14650,12,1,0,0.001937984496124031,0.001937984496124031,0.0,0.0,0.001485988380123544
54,14789,240,7,0,0.013565891472868217,0.013565891472868217,0.0,0.0,0.005530845068321329
55,14795,216,4,0,0.007751937984496124,0.007751937984496124,0.0,0.0,0.0015220878291141082
56,14966,24,1,0,0.001937984496124031,0.001937984496124031,0.0,0.0,0.001485991965623228
57,15169,112245,6,0,0.011627906976744186,0.011627906976744186,0.0,0.0,0.001530689893613497
58,15208,72,3,0,0.005813953488372093,0.005813953488372093,0.0,0.0,0.0015785460810128597
59,15311,1296,1,0,0.001937984496124031,0.001937984496124031,0.0,0.0,0.0014943335133085576
60,15830,38390,6,9,0.029069767441860465,0.011627906976744186,0.01744186046511628,0.0032249567246180476,0.002010207060494138
61,16397,1152,1,2,0.005813953488372093,0.001937984496124031,0.003875968992248062,0.002649205990818093,0.002047801284792406
62,16509,279683,7,0,0.013565891472868217,0.013565891472868217,0.0,0.0,0.00444011794940963
63,16629,2777,2,18,0.03875968992248062,0.003875968992248062,0.03488372093023256,0.0013170768420260404,0.0018267547313700022
64,16742,24,2,0,0.003875968992248062,0.003875968992248062,0.0,0.0,0.0015629538836035538
65,16780,96,1,0,0.001937984496124031,0.001937984496124031,0.0,0.0,0.003516310519942708
66,16874,480,1,0,0.001937984496124031,0.001937984496124031,0.0,0.0,0.0014860830582521024
67,16921,504,6,0,0.011627906976744186,0.011627906976744186,0.0,0.0,0.0014945568658567285
68,16990,144,5,0,0.009689922480620155,0.009689922480620155,0.0,0.0,0.001579583093068087
69,17044,144,5,0,0.009689922480620155,0.009689922480620155,0.0,0.0,0.001510649114503966
70,17126,192,2,0,0.003875968992248062,0.003875968992248062,0.0,0.0,0.0016915593275446767
71,17147,396,2,0,0.003875968992248062,0.003875968992248062,0.0,0.0,0.001487563953437338
72,17222,3710,3,0,0.005813953488372093,0.005813953488372093,0.0,0.0,0.0017240358245990892
73,18492,24,1,0,0.001937984496124031,0.001937984496124031,0.0,0.0,0.001485991965623228
74,18747,2410864,8,45,0.10271317829457365,0.015503875968992248,0.0872093023255814,0.014431399111913901,0.005810412825930629
75,18822,10104,1,0,0.001937984496124031,0.001937984496124031,0.0,0.0,0.0014880055921562378
76,19196,24,1,0,0.001937984496124031,0.001937984496124031,0.0,0.0,0.0015202475992031
77,19226,12,1,0,0.001937984496124031,0.001937984496124031,0.0,0.0,0.0015628014844729326
78,19228,888,1,4,0.009689922480620155,0.001937984496124031,0.007751937984496124,0.0011590276209829157,0.0014860758667287698
79,19338,5776,3,7,0.01937984496124031,0.005813953488372093,0.013565891472868217,0.0023970798524873935,0.001498068853978809
80,19351,72,2,0,0.003875968992248062,0.003875968992248062,0.0,0.0,0.0016692783782182507
81,19411,26,2,2,0.007751937984496124,0.003875968992248062,0.003875968992248062,0.003458267479491232,0.001513635693836047
82,19551,32923,7,4,0.02131782945736434,0.013565891472868217,0.007751937984496124,0.00014299691427711297,0.0016275914368954463
83,20015,1536,5,0,0.009689922480620155,0.009689922480620155,0.0,0.0,0.0033650429946900377
84,20144,60,2,0,0.003875968992248062,0.003875968992248062,0.0,0.0,0.0015617927062344435
85,20191,1128,5,0,0.009689922480620155,0.009689922480620155,0.0,0.0,0.0028989849608460133
86,20253,48,1,0,0.001937984496124031,0.001937984496124031,0.0,0.0,0.0015629247976821823
87,20473,24572,7,1,0.015503875968992248,0.013565891472868217,0.001937984496124031,0.0001542861443516219,0.0020510408839414435
88,20940,168369,12,1,0.025193798449612403,0.023255813953488372,0.001937984496124031,0.00021825844810717242,0.006523146569612065
89,21574,5488,4,2,0.011627906976744186,0.007751937984496124,0.003875968992248062,2.2578460149017837e-05,0.004008859569529678
90,21575,7536,5,0,0.009689922480620155,0.009689922480620155,0.0,0.0,0.0016456357468422633
91,21711,72,2,0,0.003875968992248062,0.003875968992248062,0.0,0.0,0.0015307095569165891
92,21753,24,1,0,0.001937984496124031,0.001937984496124031,0.0,0.0,0.001485991965623228
93,21765,144,1,0,0.001937984496124031,0.001937984496124031,0.0,0.0,0.00197287523656428
94,21838,3328,4,1,0.009689922480620155,0.007751937984496124,0.001937984496124031,0.0006961691879280499,0.001489058874771282
95,21859,24805,11,7,0.03488372093023256,0.02131782945736434,0.013565891472868217,0.0006698276510875292,0.012529146259418129
96,22047,19420,4,4,0.015503875968992248,0.007751937984496124,0.007751937984496124,0.0006773538044705351,0.0055770206958611745
97,22356,3662,6,4,0.01937984496124031,0.011627906976744186,0.007751937984496124,0.004067885903514714,0.0015754931298174084
98,22548,862,2,5,0.013565891472868217,0.003875968992248062,0.009689922480620155,3.763076691502973e-05,0.001638055974345931
99,22604,349,5,0,0.009689922480620155,0.009689922480620155,0.0,0.0,0.0014918548698854375
100,22616,8820,6,0,0.011627906976744186,0.011627906976744186,0.0,0.0,0.0016026523220451392
101,22661,1170,2,5,0.013565891472868217,0.003875968992248062,0.009689922480620155,0.002483630616391962,0.0015850957247294092
102,22764,384,4,0,0.007751937984496124,0.007751937984496124,0.0,0.0,0.001603260620111607
103,22860,1320,3,3,0.011627906976744186,0.005813953488372093,0.005813953488372093,0.00016181229773462783,0.0014866220785090555
104,22908,1536,1,1,0.003875968992248062,0.001937984496124031,0.001937984496124031,0.0,0.0015115121343521614
105,22975,216,4,0,0.007751937984496124,0.007751937984496124,0.0,0.0,0.0023141351016915247
106,23140,228,2,0,0.003875968992248062,0.003875968992248062,0.0,0.0,0.00211130694997782
107,23416,24,1,0,0.001937984496124031,0.001937984496124031,0.0,0.0,0.0015202475992031
108,25152,72,4,0,0.007751937984496124,0.007751937984496124,0.0,0.0,0.0015114103809490947
109,25192,72,2,0,0.003875968992248062,0.003875968992248062,0.0,0.0,0.0019502268016620213
110,25718,24,1,0,0.001937984496124031,0.001937984496124031,0.0,0.0,0.001495024444828357
111,25773,60,2,0,0.003875968992248062,0.003875968992248062,0.0,0.0,0.0014967734989829676
112,26415,24,1,0,0.001937984496124031,0.001937984496124031,0.0,0.0,0.001485991965623228
113,26610,456,4,0,0.007751937984496124,0.007751937984496124,0.0,0.0,0.001794135763766332
114,26623,48,2,0,0.003875968992248062,0.003875968992248062,0.0,0.0,0.0021533044341969904
115,27651,22836,3,2,0.009689922480620155,0.005813953488372093,0.003875968992248062,0.00010912922405358621,0.0021039060562401536
116,27659,720,4,2,0.011627906976744186,0.007751937984496124,0.003875968992248062,0.00021825844810717242,0.0014891965748742965
117,27676,168,3,0,0.005813953488372093,0.005813953488372093,0.0,0.0,0.0020253121946597966
118,27677,24,1,0,0.001937984496124031,0.001937984496124031,0.0,0.0,0.0015202475992031
119,27678,12541719,1,18,0.036821705426356585,0.001937984496124031,0.03488372093023256,0.001651990667569805,0.0014860135401932244
120,27680,360,1,0,0.001937984496124031,0.001937984496124031,0.0,0.0,0.0021444409375364296
121,27693,2124,3,1,0.007751937984496124,0.005813953488372093,0.001937984496124031,0.00015804922104312486,0.001639338941104366
122,27732,24,1,0,0.001937984496124031,0.001937984496124031,0.0,0.0,0.001485991965623228
123,27735,96,3,0,0.005813953488372093,0.005813953488372093,0.0,0.0,0.0027504759252805103
124,27746,72,3,0,0.005813953488372093,0.005813953488372093,0.0,0.0,0.0016453277847240308
125,27750,3020,1,1,0.003875968992248062,0.001937984496124031,0.001937984496124031,0.0,0.0014969212356026325
126,27766,24,1,0,0.001937984496124031,0.001937984496124031,0.0,0.0,0.0015538238873673785
127,27838,24,1,0,0.001937984496124031,0.001937984496124031,0.0,0.0,0.001485991965623228
128,27853,48,3,0,0.005813953488372093,0.005813953488372093,0.0,0.0,0.001648430395501361
129,27855,1368,3,0,0.005813953488372093,0.005813953488372093,0.0,0.0,0.0059701228477184575
130,27856,24,1,0,0.001937984496124031,0.001937984496124031,0.0,0.0,0.0015592727416739996
131,27874,48,2,0,0.003875968992248062,0.003875968992248062,0.0,0.0,0.0015226371479975017
132,27880,24,1,0,0.001937984496124031,0.001937984496124031,0.0,0.0,0.0014861417331638624
133,27897,72,2,0,0.003875968992248062,0.003875968992248062,0.0,0.0,0.0017168873082619813
134,27899,24,1,0,0.001937984496124031,0.001937984496124031,0.0,0.0,0.001485991965623228
135,27901,5928,4,7,0.02131782945736434,0.007751937984496124,0.013565891472868217,0.0004929630465868894,0.0014997951837722005
136,27904,24,1,0,0.001937984496124031,0.001937984496124031,0.0,0.0,0.001485991965623228
137,27918,84,2,0,0.003875968992248062,0.003875968992248062,0.0,0.0,0.0014956358268159902
138,27925,444,2,0,0.003875968992248062,0.003875968992248062,0.0,0.0,0.002032373835377222
139,27946,24,1,0,0.001937984496124031,0.001937984496124031,0.0,0.0,0.0015052557162643118
140,27952,96,2,0,0.003875968992248062,0.003875968992248062,0.0,0.0,0.001541746202409322
141,27978,20378,4,6,0.01937984496124031,0.007751937984496124,0.011627906976744186,0.005558064273349892,0.008158193638872453
142,27979,120,1,0,0.001937984496124031,0.001937984496124031,0.0,0.0,0.0015851323805239773
143,27986,12508704,3,19,0.04263565891472868,0.005813953488372093,0.036821705426356585,0.0004252276661398359,0.0014863387095956854
144,27995,684,3,0,0.005813953488372093,0.005813953488372093,0.0,0.0,0.0020650699670606283
145,28038,1872,4,0,0.007751937984496124,0.007751937984496124,0.0,0.0,0.0015710883354474025
146,28044,24,1,0,0.001937984496124031,0.001937984496124031,0.0,0.0,0.001485991965623228
147,28047,24,2,0,0.003875968992248062,0.003875968992248062,0.0,0.0,0.001486024225724861
148,28082,24,1,0,0.001937984496124031,0.001937984496124031,0.0,0.0,0.0014861417331638624
149,28091,168,2,0,0.003875968992248062,0.003875968992248062,0.0,0.0,0.0016804233891490345
150,28096,216,3,0,0.005813953488372093,0.005813953488372093,0.0,0.0,0.002424212359597444
151,28098,552,1,0,0.001937984496124031,0.001937984496124031,0.0,0.0,0.0015771403569517536
152,28099,336,4,0,0.007751937984496124,0.007751937984496124,0.0,0.0,0.001487129178127414
153,28116,48,1,1,0.003875968992248062,0.001937984496124031,0.001937984496124031,3.010461353202378e-05,0.0014871532073774136
154,28120,192,1,0,0.001937984496124031,0.001937984496124031,0.0,0.0,0.0020860454585551113
155,28186,5540,4,0,0.007751937984496124,0.007751937984496124,0.0,0.0,0.0015021320923788296
156,28260,26,3,0,0.005813953488372093,0.005813953488372093,0.0,0.0,0.0014867259889788467
157,28283,25136,7,3,0.01937984496124031,0.013565891472868217,0.005813953488372093,0.00018439075788364567,0.002584250534479432
158,28309,636,3,0,0.005813953488372093,0.005813953488372093,0.0,0.0,0.0016652577321905645
159,28319,744,3,1,0.007751937984496124,0.005813953488372093,0.001937984496124031,6.773538044705351e-05,0.0016955931019775501
160,28329,6518,5,3,0.015503875968992248,0.009689922480620155,0.005813953488372093,0.00021825844810717242,0.0015491130230956191
161,28377,60,1,0,0.001937984496124031,0.001937984496124031,0.0,0.0,0.001485993215520359
162,28580,6012,5,0,0.009689922480620155,0.009689922480620155,0.0,0.0,0.003953967137298968
163,28640,504,2,0,0.003875968992248062,0.003875968992248062,0.0,0.0,0.0014942165448802902
164,28649,6132,5,1,0.011627906976744186,0.009689922480620155,0.001937984496124031,3.7630766915029727e-06,0.0026441699485018795
165,28663,708,6,1,0.013565891472868217,0.011627906976744186,0.001937984496124031,3.7630766915029727e-06,0.0016184521968740117
166,28665,432,4,0,0.007751937984496124,0.007751937984496124,0.0,0.0,0.0014951147892804059
167,28667,804,2,0,0.003875968992248062,0.003875968992248062,0.0,0.0,0.0014924478641215192
168,30058,18410,4,0,0.007751937984496124,0.007751937984496124,0.0,0.0,0.002358356008970977
169,31898,43308,9,0,0.01744186046511628,0.01744186046511628,0.0,0.0,0.002324412057810618
170,32590,528,7,0,0.013565891472868217,0.013565891472868217,0.0,0.0,0.0017870667555509446
171,32787,149433,5,2,0.013565891472868217,0.009689922480620155,0.003875968992248062,0.00011665537743659215,0.007199446939794615
172,32934,3982,7,0,0.013565891472868217,0.013565891472868217,0.0,0.0,0.0015087218510708347
173,35052,24,2,0,0.003875968992248062,0.003875968992248062,0.0,0.0,0.0017181057776189767
174,36236,18502,6,0,0.011627906976744186,0.011627906976744186,0.0,0.0,0.0017887650884964579
175,37468,98919,6,18,0.046511627906976744,0.011627906976744186,0.03488372093023256,0.00022578460149017836,0.001559815951475788
176,41095,20844,2,0,0.003875968992248062,0.003875968992248062,0.0,0.0,0.0017086914132703082
177,46313,288,2,0,0.003875968992248062,0.003875968992248062,0.0,0.0,0.0015236003800767595
178,47869,552,2,0,0.003875968992248062,0.003875968992248062,0.0,0.0,0.0014915023525340246
179,49544,5554,3,0,0.005813953488372093,0.005813953488372093,0.0,0.0,0.0014932156269671232
180,51185,528,5,0,0.009689922480620155,0.009689922480620155,0.0,0.0,0.0014909765078020137
181,52226,504,3,0,0.005813953488372093,0.005813953488372093,0.0,0.0,0.0015325981564923452
182,52230,24,1,0,0.001937984496124031,0.001937984496124031,0.0,0.0,0.0015202475992031
183,52234,24,2,0,0.003875968992248062,0.003875968992248062,0.0,0.0,0.001486024225724861
184,52246,120,2,0,0.003875968992248062,0.003875968992248062,0.0,0.0,0.001619295182770339
185,52248,24,1,0,0.001937984496124031,0.001937984496124031,0.0,0.0,0.0015202475992031
186,52267,24,1,0,0.001937984496124031,0.001937984496124031,0.0,0.0,0.001485991965623228
187,52280,60,1,0,0.001937984496124031,0.001937984496124031,0.0,0.0,0.0014861604576547256
188,52304,24,2,0,0.003875968992248062,0.003875968992248062,0.0,0.0,0.0017181057776189767
189,52305,24,2,0,0.003875968992248062,0.003875968992248062,0.0,0.0,0.0016439789770643972
190,52306,24,1,0,0.001937984496124031,0.001937984496124031,0.0,0.0,0.0014859895889727478
191,52310,24,1,0,0.001937984496124031,0.001937984496124031,0.0,0.0,0.001485991965623228
192,52313,96,2,0,0.003875968992248062,0.003875968992248062,0.0,0.0,0.001544515024673556
193,52315,48,2,0,0.003875968992248062,0.003875968992248062,0.0,0.0,0.001520252393551988
194,52320,48817,7,3,0.01937984496124031,0.013565891472868217,0.005813953488372093,0.0017310152780913675,0.002281916405776215
195,52341,1752,5,2,0.013565891472868217,0.009689922480620155,0.003875968992248062,0.0007168661097313163,0.0015489295538207207
196,52353,24,1,0,0.001937984496124031,0.001937984496124031,0.0,0.0,0.0014861417331638624
197,52368,696,2,2,0.007751937984496124,0.003875968992248062,0.003875968992248062,0.00022578460149017836,0.0015694912511884217
198,52396,96,1,0,0.001937984496124031,0.001937984496124031,0.0,0.0,0.00148660541883243
199,52411,72,2,0,0.003875968992248062,0.003875968992248062,0.0,0.0,0.0014860338144226373
200,52439,1032,4,0,0.007751937984496124,0.007751937984496124,0.0,0.0,0.004274101851308771
201,52441,120,2,0,0.003875968992248062,0.003875968992248062,0.0,0.0,0.001486172443526946
202,52444,12276,4,0,0.007751937984496124,0.007751937984496124,0.0,0.0,0.0015156810982908868
203,52452,24,1,0,0.001937984496124031,0.001937984496124031,0.0,0.0,0.001485991965623228
204,52460,72,2,0,0.003875968992248062,0.003875968992248062,0.0,0.0,0.0014860764380913213
205,52468,656548,12,103,0.22286821705426357,0.023255813953488372,0.1996124031007752,0.015135094453224956,0.00595303964392667
206,52479,24,1,0,0.001937984496124031,0.001937984496124031,0.0,0.0,0.001485991965623228
207,52489,48,1,0,0.001937984496124031,0.001937984496124031,0.0,0.0,0.0027498848416982976
208,52494,120,3,0,0.005813953488372093,0.005813953488372093,0.0,0.0,0.003076878624103369
209,52510,96,2,0,0.003875968992248062,0.003875968992248062,0.0,0.0,0.001526178886291496
210,52511,168,1,0,0.001937984496124031,0.001937984496124031,0.0,0.0,0.0015137294451761617
211,52512,48,1,0,0.001937984496124031,0.001937984496124031,0.0,0.0,0.002153181312071819
212,52580,608,8,0,0.015503875968992248,0.015503875968992248,0.0,0.0,0.0033095893563382154
213,52771,684,3,0,0.005813953488372093,0.005813953488372093,0.0,0.0,0.001496077006543427
214,52908,216,3,0,0.005813953488372093,0.005813953488372093,0.0,0.0,0.001544162216084863
215,52925,5012,7,0,0.013565891472868217,0.013565891472868217,0.0,0.0,0.00156399373958163
216,52941,1800,4,0,0.007751937984496124,0.007751937984496124,0.0,0.0,0.0016049375076603988
217,52944,288,2,0,0.003875968992248062,0.003875968992248062,0.0,0.0,0.001493205694278476
218,53427,3907,5,3,0.015503875968992248,0.009689922480620155,0.005813953488372093,0.0005268307368104162,0.0022415227588759154
219,54113,7546,9,0,0.01744186046511628,0.01744186046511628,0.0,0.0,0.0018656821169844334
220,54994,9636,14,1,0.029069767441860465,0.027131782945736434,0.001937984496124031,0.0003819522841875517,0.003362596974349411
221,55256,6948,10,0,0.01937984496124031,0.01937984496124031,0.0,0.0,0.0020843619007400553
222,60068,137530,12,4,0.031007751937984496,0.023255813953488372,0.007751937984496124,0.0003857153608790547,0.0032051093649814824
223,61138,738,2,0,0.003875968992248062,0.003875968992248062,0.0,0.0,0.002771535156869466
224,61444,96,2,0,0.003875968992248062,0.003875968992248062,0.0,0.0,0.0014861353890764247
225,61455,24,2,0,0.003875968992248062,0.003875968992248062,0.0,0.0,0.0017181057776189767
226,61460,384,1,0,0.001937984496124031,0.001937984496124031,0.0,0.0,0.0018050479011792278
227,61466,1354,4,0,0.007751937984496124,0.007751937984496124,0.0,0.0,0.0015682165477443628
228,61483,192,1,0,0.001937984496124031,0.001937984496124031,0.0,0.0,0.0014953154600989304
229,61503,3648,4,17,0.040697674418604654,0.007751937984496124,0.03294573643410853,0.0027131782945736434,0.0017378244120124869
230,61506,96,3,0,0.005813953488372093,0.005813953488372093,0.0,0.0,0.0021180236679387964
231,61522,1608,2,7,0.01744186046511628,0.003875968992248062,0.013565891472868217,0.0025363136900730036,0.001493462241493754
232,61526,144,2,2,0.007751937984496124,0.003875968992248062,0.003875968992248062,0.00021825844810717242,0.0014860983346259033
233,61599,4490,2,0,0.003875968992248062,0.003875968992248062,0.0,0.0,0.0015163634766758895
234,61609,348,3,0,0.005813953488372093,0.005813953488372093,0.0,0.0,0.0024393529776752724
235,61678,96,2,0,0.003875968992248062,0.003875968992248062,0.0,0.0,0.0014883288321782635
236,61851,588,3,0,0.005813953488372093,0.005813953488372093,0.0,0.0,0.0016163525123626303
237,64096,168,5,0,0.009689922480620155,0.009689922480620155,0.0,0.0,0.001503590832413226
238,64108,96,3,0,0.005813953488372093,0.005813953488372093,0.0,0.0,0.0014979627173728502
239,64111,48,1,0,0.001937984496124031,0.001937984496124031,0.0,0.0,0.002153181312071819
240,64112,360,5,1,0.011627906976744186,0.009689922480620155,0.001937984496124031,7.149845713855649e-05,0.00293577251765977
241,64113,216,3,0,0.005813953488372093,0.005813953488372093,0.0,0.0,0.001972986399915844
242,64121,24,1,0,0.001937984496124031,0.001937984496124031,0.0,0.0,0.0015298992406284043
243,64131,168,3,0,0.005813953488372093,0.005813953488372093,0.0,0.0,0.0019088461222264924
244,64139,720,4,2,0.011627906976744186,0.007751937984496124,0.003875968992248062,0.00024083690825619025,0.0015476440743439623
245,64146,1836,1,1,0.003875968992248062,0.001937984496124031,0.001937984496124031,0.0,0.0015019890799895341
246,64152,24,1,0,0.001937984496124031,0.001937984496124031,0.0,0.0,0.0014878280010166517
247,64161,100,2,0,0.003875968992248062,0.003875968992248062,0.0,0.0,0.002140345920132082
248,64166,144,2,2,0.007751937984496124,0.003875968992248062,0.003875968992248062,0.00020320614134116053,0.0014861305947275368
249,65535,60,1,0,0.001937984496124031,0.001937984496124031,0.0,0.0,0.001485993215520359
250,65542,24,1,0,0.001937984496124031,0.001937984496124031,0.0,0.0,0.001495024444828357
251,136907,4776,9,0,0.01744186046511628,0.01744186046511628,0.0,0.0,0.0016655946980499831
252,137831,936,5,0,0.009689922480620155,0.009689922480620155,0.0,0.0,0.0016153093140751943
253,139341,13034,10,1,0.02131782945736434,0.01937984496124031,0.001937984496124031,2.2578460149017837e-05,0.00869033126540902
254,197000,60,2,0,0.003875968992248062,0.003875968992248062,0.0,0.0,0.001982959228934593
255,199524,22131,11,1,0.023255813953488372,0.02131782945736434,0.001937984496124031,0.00016933845111763378,0.0020721424810288052
256,203391,144,1,0,0.001937984496124031,0.001937984496124031,0.0,0.0,0.0015097662631901872
257,208393,24,1,0,0.001937984496124031,0.001937984496124031,0.0,0.0,0.0014899503532603145
258,211612,12,1,0,0.001937984496124031,0.001937984496124031,0.0,0.0,0.0014859883835771086
259,212378,24,1,0,0.001937984496124031,0.001937984496124031,0.0,0.0,0.0014899503532603145
260,262167,240,1,0,0.001937984496124031,0.001937984496124031,0.0,0.0,0.001497647532305078
261,262182,984,1,1,0.003875968992248062,0.001937984496124031,0.001937984496124031,0.00010912922405358621,0.0014865901854263105
262,262213,192,2,0,0.003875968992248062,0.003875968992248062,0.0,0.0,0.0016227078159464564
263,262224,24,2,0,0.003875968992248062,0.003875968992248062,0.0,0.0,0.0014860294075083867
264,262228,48,2,0,0.003875968992248062,0.003875968992248062,0.0,0.0,0.0015052605106132002
265,262233,24,2,0,0.003875968992248062,0.003875968992248062,0.0,0.0,0.0015226323536486138
266,262237,1392,2,3,0.009689922480620155,0.003875968992248062,0.005813953488372093,0.00021825844810717242,0.0014877657848993589
267,262256,552,2,0,0.003875968992248062,0.003875968992248062,0.0,0.0,0.001486839423636328
268,262285,624,2,0,0.003875968992248062,0.003875968992248062,0.0,0.0,0.0015023692089040307
269,262287,7692,5,0,0.009689922480620155,0.009689922480620155,0.0,0.0,0.0030838556925788015
270,262365,321,3,0,0.005813953488372093,0.005813953488372093,0.0,0.0,0.004324592810446168
271,262459,1798,5,0,0.009689922480620155,0.009689922480620155,0.0,0.0,0.0026561841884362577
272,262546,288,2,0,0.003875968992248062,0.003875968992248062,0.0,0.0,0.0014947540166173898
273,262557,96,1,0,0.001937984496124031,0.001937984496124031,0.0,0.0,0.0014860063486698922
274,262589,1095448,6,115,0.23449612403100775,0.011627906976744186,0.22286821705426357,0.01930458342741025,0.001845091536530802
275,262659,312,2,0,0.003875968992248062,0.003875968992248062,0.0,0.0,0.0014999843988601136
276,262675,558,3,0,0.005813953488372093,0.005813953488372093,0.0,0.0,0.001504910822140553
277,262753,1620,3,0,0.005813953488372093,0.005813953488372093,0.0,0.0,0.0015086890759509275
278,262755,840,3,0,0.005813953488372093,0.005813953488372093,0.0,0.0,0.001503652188256134
279,263009,20919,5,2,0.013565891472868217,0.009689922480620155,0.003875968992248062,0.00012606306916534957,0.001908794812047952
280,263214,48,1,0,0.001937984496124031,0.001937984496124031,0.0,0.0,0.0016325583120736595
281,263237,8580,11,18,0.0562015503875969,0.02131782945736434,0.03488372093023256,0.0050556935350342435,0.004022196319382353
282,263336,90,3,0,0.005813953488372093,0.005813953488372093,0.0,0.0,0.0015037615214199928
283,263432,372,2,0,0.003875968992248062,0.003875968992248062,0.0,0.0,0.0015028994891177982
284,263444,24939,7,1,0.015503875968992248,0.013565891472868217,0.001937984496124031,1.1289230074508918e-05,0.0028964199217293702
285,263461,120,2,0,0.003875968992248062,0.003875968992248062,0.0,0.0,0.0023565167500503767
286,263516,35,2,0,0.003875968992248062,0.003875968992248062,0.0,0.0,0.0016808375886849017
287,263688,24,1,0,0.001937984496124031,0.001937984496124031,0.0,0.0,0.001485991965623228
288,263700,72,1,0,0.001937984496124031,0.001937984496124031,0.0,0.0,0.0014861951149308028
289,263702,16980,5,52,0.11046511627906977,0.009689922480620155,0.10077519379844961,0.0055618273500413935,0.001497497487720995
290,263728,168,3,0,0.005813953488372093,0.005813953488372093,0.0,0.0,0.001727326879225719
291,263753,120,1,0,0.001937984496124031,0.001937984496124031,0.0,0.0,0.0015058030812042122
292,263758,96,2,0,0.003875968992248062,0.003875968992248062,0.0,0.0,0.0015261215451602326
293,263773,24,1,0,0.001937984496124031,0.001937984496124031,0.0,0.0,0.0015052557162643118
294,263784,24,2,0,0.003875968992248062,0.003875968992248062,0.0,0.0,0.001486024225724861
295,263793,912,5,0,0.009689922480620155,0.009689922480620155,0.0,0.0,0.0014899970284213697
296,263807,120,4,0,0.007751937984496124,0.007751937984496124,0.0,0.0,0.0014902963121170522
297,263812,1260,8,0,0.015503875968992248,0.015503875968992248,0.0,0.0,0.001874317151648282
298,263816,24,1,0,0.001937984496124031,0.001937984496124031,0.0,0.0,0.0014861417331638624
299,263826,240,1,0,0.001937984496124031,0.001937984496124031,0.0,0.0,0.00236643581775305
300,263903,6814,4,0,0.007751937984496124,0.007751937984496124,0.0,0.0,0.0015959165456993917
301,264223,582,3,0,0.005813953488372093,0.005813953488372093,0.0,0.0,0.0014984296344747587
302,264288,88,3,0,0.005813953488372093,0.005813953488372093,0.0,0.0,0.0014876079439474282
303,264409,27195,6,6,0.023255813953488372,0.011627906976744186,0.011627906976744186,0.013904568375103484,0.0016381799370533642
304,264528,408,4,0,0.007751937984496124,0.007751937984496124,0.0,0.0,0.0024562847766401896
305,264597,120,3,0,0.005813953488372093,0.005813953488372093,0.0,0.0,0.0014886336304395053
306,264636,96,3,0,0.005813953488372093,0.005813953488372093,0.0,0.0,0.0015433723790391476
307,264641,120,1,0,0.001937984496124031,0.001937984496124031,0.0,0.0,0.0015058030812042122
308,264664,24,1,0,0.001937984496124031,0.001937984496124031,0.0,0.0,0.0015133009591073122
309,264670,48,1,0,0.001937984496124031,0.001937984496124031,0.0,0.0,0.001485996759972116
310,264671,780,2,0,0.003875968992248062,0.003875968992248062,0.0,0.0,0.001486115880487898
311,264681,3312,3,1,0.007751937984496124,0.005813953488372093,0.001937984496124031,0.0001655753744261308,0.0032325361954403686
312,264707,96,1,0,0.001937984496124031,0.001937984496124031,0.0,0.0,0.0016230288829893803
313,264724,72,2,0,0.003875968992248062,0.003875968992248062,0.0,0.0,0.0016576903447795598
314,264729,48,2,0,0.003875968992248062,0.003875968992248062,0.0,0.0,0.001537380210341924
315,264730,24,1,0,0.001937984496124031,0.001937984496124031,0.0,0.0,0.001485991965623228
316,264775,24,1,0,0.001937984496124031,0.001937984496124031,0.0,0.0,0.001485991965623228
317,264780,776,2,0,0.003875968992248062,0.003875968992248062,0.0,0.0,0.0024455460189274454
318,264798,24,2,0,0.003875968992248062,0.003875968992248062,0.0,0.0,0.0017181057776189767
319,264806,360,4,2,0.011627906976744186,0.007751937984496124,0.003875968992248062,0.00017310152780913675,0.0015703838781486027
320,264814,72,3,0,0.005813953488372093,0.005813953488372093,0.0,0.0,0.001506002575794438
321,264827,1848,3,5,0.015503875968992248,0.005813953488372093,0.009689922480620155,0.00044780612628885375,0.0015110295914400333
322,264838,144,3,0,0.005813953488372093,0.005813953488372093,0.0,0.0,0.0014867449855989084
323,264854,96,1,0,0.001937984496124031,0.001937984496124031,0.0,0.0,0.001991946074771199
324,264859,192,1,0,0.001937984496124031,0.001937984496124031,0.0,0.0,0.0017195440684539699
325,264972,228,3,0,0.005813953488372093,0.005813953488372093,0.0,0.0,0.0015266219011513347
326,265066,1338,4,0,0.007751937984496124,0.007751937984496124,0.0,0.0,0.0025103958386602514
327,265175,889,3,0,0.005813953488372093,0.005813953488372093,0.0,0.0,0.0015089796503912297
328,265269,9462,4,0,0.007751937984496124,0.007751937984496124,0.0,0.0,0.0015647446037820186
329,265642,624,1,0,0.001937984496124031,0.001937984496124031,0.0,0.0,0.00202706036258083
330,265656,24,2,0,0.003875968992248062,0.003875968992248062,0.0,0.0,0.001486024225724861
331,265662,216,4,3,0.013565891472868217,0.007751937984496124,0.005813953488372093,0.0002220215247986754,0.0014902726486616044
332,265672,120,1,0,0.001937984496124031,0.001937984496124031,0.0,0.0,0.002118435800645414
333,265675,144,1,0,0.001937984496124031,0.001937984496124031,0.0,0.0,0.0015097662631901872
334,265678,48,1,0,0.001937984496124031,0.001937984496124031,0.0,0.0,0.0014861258003786484
335,265703,288,2,1,0.005813953488372093,0.003875968992248062,0.001937984496124031,3.763076691502973e-05,0.001486327852852363
336,265714,312,1,0,0.001937984496124031,0.001937984496124031,0.0,0.0,0.0018410664131029808
337,265743,24,1,0,0.001937984496124031,0.001937984496124031,0.0,0.0,0.0015067976786322817
338,265757,600,5,2,0.013565891472868217,0.009689922480620155,0.003875968992248062,0.00023707383156468728,0.001517294889854286
339,265769,120,2,0,0.003875968992248062,0.003875968992248062,0.0,0.0,0.0016130951447066448
340,265830,24,2,0,0.003875968992248062,0.003875968992248062,0.0,0.0,0.001486024225724861
341,265831,384,2,0,0.003875968992248062,0.003875968992248062,0.0,0.0,0.0014865800424826796
342,265839,120,2,0,0.003875968992248062,0.003875968992248062,0.0,0.0,0.0014871723847729662
343,265851,120,1,0,0.001937984496124031,0.001937984496124031,0.0,0.0,0.002934868683015938
344,265858,120,1,0,0.001937984496124031,0.001937984496124031,0.0,0.0,0.0015058030812042122
345,265871,24,1,0,0.001937984496124031,0.001937984496124031,0.0,0.0,0.0014899503532603145
346,265937,1296,3,0,0.005813953488372093,0.005813953488372093,0.0,0.0,0.0015537240961644768
347,266420,96,2,0,0.003875968992248062,0.003875968992248062,0.0,0.0,0.0014883288321782635
348,266435,384,4,0,0.007751937984496124,0.007751937984496124,0.0,0.0,0.0015071368248381631
349,266445,1564,3,1,0.007751937984496124,0.005813953488372093,0.001937984496124031,3.386769022352676e-05,0.0015064733306877167
350,266602,216,3,0,0.005813953488372093,0.005813953488372093,0.0,0.0,0.0014892915895549945
351,266655,48,1,0,0.001937984496124031,0.001937984496124031,0.0,0.0,0.002328306764551761
352,266662,24,1,0,0.001937984496124031,0.001937984496124031,0.0,0.0,0.0015202475992031
353,266706,120,1,0,0.001937984496124031,0.001937984496124031,0.0,0.0,0.0015900397080640494
354,266711,24,1,0,0.001937984496124031,0.001937984496124031,0.0,0.0,0.0015592727416739996
355,266713,72,1,0,0.001937984496124031,0.001937984496124031,0.0,0.0,0.0027763311445504627
356,266715,72,3,0,0.005813953488372093,0.005813953488372093,0.0,0.0,0.001486044481975082
357,266726,24,1,0,0.001937984496124031,0.001937984496124031,0.0,0.0,0.0014861417331638624
358,266731,120,1,0,0.001937984496124031,0.001937984496124031,0.0,0.0,0.0015058030812042122
359,266765,120,1,0,0.001937984496124031,0.001937984496124031,0.0,0.0,0.0015058030812042122
360,266768,72,2,0,0.003875968992248062,0.003875968992248062,0.0,0.0,0.001548339577555222
361,266771,7056,4,12,0.031007751937984496,0.007751937984496124,0.023255813953488372,0.0011778430044404305,0.0032881313308811243
362,266776,48,1,0,0.001937984496124031,0.001937984496124031,0.0,0.0,0.0015276081859902238
363,266777,48,2,0,0.003875968992248062,0.003875968992248062,0.0,0.0,0.003252849902859055
364,266779,264,1,1,0.003875968992248062,0.001937984496124031,0.001937984496124031,0.00011289230074508918,0.0015176926271621358
365,266795,96,1,0,0.001937984496124031,0.001937984496124031,0.0,0.0,0.003051904538766851
366,266801,120,1,0,0.001937984496124031,0.001937984496124031,0.0,0.0,0.0015058030812042122
367,266803,216,2,2,0.007751937984496124,0.003875968992248062,0.003875968992248062,0.00014675999096861594,0.0015097817250915193
368,266818,96,1,0,0.001937984496124031,0.001937984496124031,0.0,0.0,0.0015018398992182377
369,266830,1080,6,4,0.01937984496124031,0.011627906976744186,0.007751937984496124,0.0007488522616090915,0.0014997914868555367
370,266835,24,1,0,0.001937984496124031,0.001937984496124031,0.0,0.0,0.0019071469679130502
371,266840,24,1,0,0.001937984496124031,0.001937984496124031,0.0,0.0,0.0015133009591073122
372,266844,168,4,0,0.007751937984496124,0.007751937984496124,0.0,0.0,0.0019483609304231687
373,266852,96,1,0,0.001937984496124031,0.001937984496124031,0.0,0.0,0.0015692292007061077
374,266855,96,1,0,0.001937984496124031,0.001937984496124031,0.0,0.0,0.0014860063486698922
375,266857,48,1,0,0.001937984496124031,0.001937984496124031,0.0,0.0,0.0015276081859902238
376,266864,24,1,0,0.001937984496124031,0.001937984496124031,0.0,0.0,0.001485991965623228
377,266866,168,3,0,0.005813953488372093,0.005813953488372093,0.0,0.0,0.0024874955579170482
378,266870,120,1,0,0.001937984496124031,0.001937984496124031,0.0,0.0,0.0015900397080640494
379,266878,96,5,0,0.009689922480620155,0.009689922480620155,0.0,0.0,0.0031853743346941096
380,266887,96,2,0,0.003875968992248062,0.003875968992248062,0.0,0.0,0.0014861676491780577
381,266891,120,1,0,0.001937984496124031,0.001937984496124031,0.0,0.0,0.0016749102917756526
382,266900,384,1,0,0.001937984496124031,0.001937984496124031,0.0,0.0,0.001794283891113893
383,266901,24,1,0,0.001937984496124031,0.001937984496124031,0.0,0.0,0.001485991965623228
384,266902,96,2,0,0.003875968992248062,0.003875968992248062,0.0,0.0,0.0017205917391666294
385,266910,144,1,0,0.001937984496124031,0.001937984496124031,0.0,0.0,0.0015097662631901872
386,267677,96,2,0,0.003875968992248062,0.003875968992248062,0.0,0.0,0.0015757324811811382
387,267697,72,1,0,0.001937984496124031,0.001937984496124031,0.0,0.0,0.0018378077214765585
388,267717,168,2,0,0.003875968992248062,0.003875968992248062,0.0,0.0,0.0015696928863746752
389,267724,120,2,0,0.003875968992248062,0.003875968992248062,0.0,0.0,0.0015038292211618912
390,267728,216,3,0,0.005813953488372093,0.005813953488372093,0.0,0.0,0.0014938237646099318
391,267745,48,2,0,0.003875968992248062,0.003875968992248062,0.0,0.0,0.0014860612801753824
392,267746,48,1,0,0.001937984496124031,0.001937984496124031,0.0,0.0,0.0014939135352462886
393,267748,24,2,0,0.003875968992248062,0.003875968992248062,0.0,0.0,0.001486024225724861
394,267753,48,2,0,0.003875968992248062,0.003875968992248062,0.0,0.0,0.0014905129995746807
395,267776,264,1,0,0.001937984496124031,0.001937984496124031,0.0,0.0,0.0015295821731200593
396,267818,240,1,0,0.001937984496124031,0.001937984496124031,0.0,0.0,0.0015256189911340848
397,267826,120,1,0,0.001937984496124031,0.001937984496124031,0.0,0.0,0.001926211494513695
398,267848,96,3,0,0.005813953488372093,0.005813953488372093,0.0,0.0,0.0033715734566350346
399,267851,96,1,0,0.001937984496124031,0.001937984496124031,0.0,0.0,0.0015692292007061077
400,267859,168,1,0,0.001937984496124031,0.001937984496124031,0.0,0.0,0.00263732758112178
401,267868,24,1,0,0.001937984496124031,0.001937984496124031,0.0,0.0,0.001485991965623228
402,267894,48,2,0,0.003875968992248062,0.003875968992248062,0.0,0.0,0.001534111466465254
403,267906,120,2,0,0.003875968992248062,0.003875968992248062,0.0,0.0,0.0017693982532995364
404,267908,120,1,0,0.001937984496124031,0.001937984496124031,0.0,0.0,0.0015058030812042122
405,267926,52,1,0,0.001937984496124031,0.001937984496124031,0.0,0.0,0.00156021809845332
406,268323,408,2,0,0.003875968992248062,0.003875968992248062,0.0,0.0,0.0014878686986795598
407,268696,5694,5,2,0.013565891472868217,0.009689922480620155,0.003875968992248062,0.000688643034545044,0.003993883997241429
408,268976,1740,3,1,0.007751937984496124,0.005813953488372093,0.001937984496124031,0.0,0.0014999130006420904
409,269096,4920,3,0,0.005813953488372093,0.005813953488372093,0.0,0.0,0.0015607968634659014
410,269733,120,1,0,0.001937984496124031,0.001937984496124031,0.0,0.0,0.0015900397080640494
411,269774,24,1,0,0.001937984496124031,0.001937984496124031,0.0,0.0,0.0014899503532603145
412,269793,120,1,0,0.001937984496124031,0.001937984496124031,0.0,0.0,0.001861023600824822
413,269828,168,1,0,0.001937984496124031,0.001937984496124031,0.0,0.0,0.0015137294451761617
414,269843,264,2,0,0.003875968992248062,0.003875968992248062,0.0,0.0,0.0016861184195159262
415,269875,144,2,0,0.003875968992248062,0.003875968992248062,0.0,0.0,0.0017058582655199834
416,269877,120,1,0,0.001937984496124031,0.001937984496124031,0.0,0.0,0.0015900397080640494
417,269925,72,1,0,0.001937984496124031,0.001937984496124031,0.0,0.0,0.0014978767172322631
418,269944,120,2,0,0.003875968992248062,0.003875968992248062,0.0,0.0,0.0016160528299641714
419,269949,24,1,0,0.001937984496124031,0.001937984496124031,0.0,0.0,0.0015151817834217936
420,269956,72,2,0,0.003875968992248062,0.003875968992248062,0.0,0.0,0.0014860983346259033
421,269963,24,1,0,0.001937984496124031,0.001937984496124031,0.0,0.0,0.0014871532073774136
422,269967,48,1,0,0.001937984496124031,0.001937984496124031,0.0,0.0,0.001485996759972116
423,269988,384,1,1,0.003875968992248062,0.001937984496124031,0.001937984496124031,0.0001655753744261308,0.0017041066316235416
424,269993,108,2,0,0.003875968992248062,0.003875968992248062,0.0,0.0,0.0014981085600665471
425,269998,24,2,0,0.003875968992248062,0.003875968992248062,0.0,0.0,0.001486024225724861
426,270008,72,2,0,0.003875968992248062,0.003875968992248062,0.0,0.0,0.0014897381453111182
427,270013,96,1,1,0.003875968992248062,0.001937984496124031,0.001937984496124031,0.00011289230074508918,0.0014978767172322631
428,270014,312,5,1,0.011627906976744186,0.009689922480620155,0.001937984496124031,0.00016933845111763378,0.001841778346285709
429,270024,96,3,0,0.005813953488372093,0.005813953488372093,0.0,0.0,0.0015257193638752373
430,270034,96,2,0,0.003875968992248062,0.003875968992248062,0.0,0.0,0.0018831874362594861
431,270050,24,1,0,0.001937984496124031,0.001937984496124031,0.0,0.0,0.0021190440062682303
432,270056,120,1,0,0.001937984496124031,0.001937984496124031,0.0,0.0,0.0015058030812042122
433,270065,360,1,0,0.001937984496124031,0.001937984496124031,0.0,0.0,0.002052756532778278
434,270094,24,1,0,0.001937984496124031,0.001937984496124031,0.0,0.0,0.0015067976786322817
435,270102,264,1,1,0.003875968992248062,0.001937984496124031,0.001937984496124031,0.00011289230074508918,0.0015176926271621358
436,270285,96,2,0,0.003875968992248062,0.003875968992248062,0.0,0.0,0.0014883288321782635
437,271253,34361,5,3,0.015503875968992248,0.009689922480620155,0.005813953488372093,7.149845713855649e-05,0.001729190489626848
438,271488,72,3,0,0.005813953488372093,0.005813953488372093,0.0,0.0,0.003191528288303299
439,271777,216,1,0,0.001937984496124031,0.001937984496124031,0.0,0.0,0.0015216558091481103
440,271778,120,1,0,0.001937984496124031,0.001937984496124031,0.0,0.0,0.0016749102917756526
441,271783,144,1,1,0.003875968992248062,0.001937984496124031,0.001937984496124031,0.00011289230074508918,0.0015058030812042122
442,271788,120,1,0,0.001937984496124031,0.001937984496124031,0.0,0.0,0.0016572893109181404
443,271803,48,3,0,0.005813953488372093,0.005813953488372093,0.0,0.0,0.0014860396876261936
444,271807,24,2,0,0.003875968992248062,0.003875968992248062,0.0,0.0,0.0015271485932511785
445,271817,120,1,0,0.001937984496124031,0.001937984496124031,0.0,0.0,0.0015058030812042122
446,271836,144,1,0,0.001937984496124031,0.001937984496124031,0.0,0.0,0.0016611548441590627
447,271843,96,1,0,0.001937984496124031,0.001937984496124031,0.0,0.0,0.0015018398992182377
448,271846,92,1,0,0.001937984496124031,0.001937984496124031,0.0,0.0,0.0015011793688872424
449,271849,24,1,0,0.001937984496124031,0.001937984496124031,0.0,0.0,0.001485991965623228
450,271867,96,2,0,0.003875968992248062,0.003875968992248062,0.0,0.0,0.001599003971235192
451,271869,96,4,0,0.007751937984496124,0.007751937984496124,0.0,0.0,0.003298202918465837
452,271871,24,1,0,0.001937984496124031,0.001937984496124031,0.0,0.0,0.0015592727416739996
453,271872,24,1,0,0.001937984496124031,0.001937984496124031,0.0,0.0,0.0014860564858264944
454,271893,24,1,0,0.001937984496124031,0.001937984496124031,0.0,0.0,0.0015052557162643118
455,271894,24,1,0,0.001937984496124031,0.001937984496124031,0.0,0.0,0.0014862919695355814
456,271895,24,1,0,0.001937984496124031,0.001937984496124031,0.0,0.0,0.0014862919695355814
457,271896,408,1,1,0.003875968992248062,0.001937984496124031,0.001937984496124031,0.00011289230074508918,0.001549398083049932
458,271993,24,1,0,0.001937984496124031,0.001937984496124031,0.0,0.0,0.0014899503532603145
459,271997,120,2,0,0.003875968992248062,0.003875968992248062,0.0,0.0,0.0017834573494226076
460,272014,24,1,0,0.001937984496124031,0.001937984496124031,0.0,0.0,0.0015059284668933952
461,272022,168,5,0,0.009689922480620155,0.009689922480620155,0.0,0.0,0.002150795560054551
462,272025,120,3,0,0.005813953488372093,0.005813953488372093,0.0,0.0,0.0014879762188187368
463,272028,72,1,0,0.001937984496124031,0.001937984496124031,0.0,0.0,0.0014860015543210043
464,272031,120,1,0,0.001937984496124031,0.001937984496124031,0.0,0.0,0.0015058030812042122
465,272539,192,2,0,0.003875968992248062,0.003875968992248062,0.0,0.0,0.0014906704930821874
466,272730,72,3,0,0.005813953488372093,0.005813953488372093,0.0,0.0,0.0016517907848185584
467,272786,612,5,0,0.009689922480620155,0.009689922480620155,0.0,0.0,0.0024645306597154554
468,272858,24,2,0,0.003875968992248062,0.003875968992248062,0.0,0.0,0.0014905082052257923
469,272891,48,1,0,0.001937984496124031,0.001937984496124031,0.0,0.0,0.0014939135352462886
470,272897,24,1,0,0.001937984496124031,0.001937984496124031,0.0,0.0,0.0014860026331756722
471,272957,144,2,0,0.003875968992248062,0.003875968992248062,0.0,0.0,0.0027499736412268574
472,273019,336,4,0,0.007751937984496124,0.007751937984496124,0.0,0.0,0.0017716537987529889
473,273025,24,1,0,0.001937984496124031,0.001937984496124031,0.0,0.0,0.0016560039725551099
474,273028,72,1,0,0.001937984496124031,0.001937984496124031,0.0,0.0,0.0027763311445504627
475,273073,120,1,0,0.001937984496124031,0.001937984496124031,0.0,0.0,0.0015058030812042122
476,273091,1128,1,0,0.001937984496124031,0.001937984496124031,0.0,0.0,0.0016722567246151418
477,273097,24,1,0,0.001937984496124031,0.001937984496124031,0.0,0.0,0.002766221479069815
478,273148,24,1,0,0.001937984496124031,0.001937984496124031,0.0,0.0,0.002127795843843163
479,273165,264,2,0,0.003875968992248062,0.003875968992248062,0.0,0.0,0.0014863947702300736
480,273178,24,1,0,0.001937984496124031,0.001937984496124031,0.0,0.0,0.001495024444828357
481,273223,48,1,0,0.001937984496124031,0.001937984496124031,0.0,0.0,0.0018260207738358793
482,273237,72,3,0,0.005813953488372093,0.005813953488372093,0.0,0.0,0.0014962332030507113
483,273461,180,3,0,0.005813953488372093,0.005813953488372093,0.0,0.0,0.001488384386294601
484,273822,48,2,0,0.003875968992248062,0.003875968992248062,0.0,0.0,0.0014886566403001064
485,273834,120,1,0,0.001937984496124031,0.001937984496124031,0.0,0.0,0.0015058030812042122
486,273853,24,1,0,0.001937984496124031,0.001937984496124031,0.0,0.0,0.001485991965623228
487,273879,24,1,0,0.001937984496124031,0.001937984496124031,0.0,0.0,0.0015058162131242675
488,273886,768,1,2,0.005813953488372093,0.001937984496124031,0.003875968992248062,0.00022578460149017836,0.0015533612650359065
489,273914,48,2,0,0.003875968992248062,0.003875968992248062,0.0,0.0,0.001506982249227341
490,273920,24,1,0,0.001937984496124031,0.001937984496124031,0.0,0.0,0.0015067976786322817
491,273953,72,1,0,0.001937984496124031,0.001937984496124031,0.0,0.0,0.0015993410435751277
492,273955,24,2,0,0.003875968992248062,0.003875968992248062,0.0,0.0,0.0016076383571145547
493,273973,72,2,0,0.003875968992248062,0.003875968992248062,0.0,0.0,0.002332288234057429
494,273976,504,2,0,0.003875968992248062,0.003875968992248062,0.0,0.0,0.0017584913532618929
495,273988,24,1,0,0.001937984496124031,0.001937984496124031,0.0,0.0,0.0014860564858264944
496,274000,24,2,0,0.003875968992248062,0.003875968992248062,0.0,0.0,0.001486024225724861
497,274024,78,2,1,0.005813953488372093,0.003875968992248062,0.001937984496124031,1.1289230074508918e-05,0.00212997576337767
498,274025,24,1,0,0.001937984496124031,0.001937984496124031,0.0,0.0,0.0019083301213829724
499,274042,168,2,0,0.003875968992248062,0.003875968992248062,0.0,0.0,0.0014862465524279884
500,274073,24,1,0,0.001937984496124031,0.001937984496124031,0.0,0.0,0.0014861417331638624
501,274099,24,1,0,0.001937984496124031,0.001937984496124031,0.0,0.0,0.0014899503532603145
502,274136,24,1,0,0.001937984496124031,0.001937984496124031,0.0,0.0,0.0016560039725551099
503,274156,120,1,0,0.001937984496124031,0.001937984496124031,0.0,0.0,0.0015851323805239773
504,274165,168,1,0,0.001937984496124031,0.001937984496124031,0.0,0.0,0.004234700060346762
505,274199,24,1,0,0.001937984496124031,0.001937984496124031,0.0,0.0,0.0016560039725551099
506,274212,24,1,0,0.001937984496124031,0.001937984496124031,0.0,0.0,0.0015052557162643118
507,274217,24,1,0,0.001937984496124031,0.001937984496124031,0.0,0.0,0.0028032902524988555
508,274225,24,1,0,0.001937984496124031,0.001937984496124031,0.0,0.0,0.0015067976786322817
509,394353,48,2,0,0.003875968992248062,0.003875968992248062,0.0,0.0,0.004020020072819761
510,394354,2172,3,0,0.005813953488372093,0.005813953488372093,0.0,0.0,0.0014895292024301701
511,394684,5973,6,0,0.011627906976744186,0.011627906976744186,0.0,0.0,0.0016129209768984006
512,396356,11132,6,1,0.013565891472868217,0.011627906976744186,0.001937984496124031,3.7630766915029727e-06,0.0017211985997615206
513,396986,2791,8,0,0.015503875968992248,0.015503875968992248,0.0,0.0,0.004045848778232751
514,400190,144,4,0,0.007751937984496124,0.007751937984496124,0.0,0.0,0.0016361928327914667
515,400317,240,6,0,0.011627906976744186,0.011627906976744186,0.0,0.0,0.0015095825147048588
516,400696,72,3,0,0.005813953488372093,0.005813953488372093,0.0,0.0,0.0014999234178202899
